policy,threads,chunk,trial,rank,rows,escape_iterations
static,2,1,1,0,540,101621453
static,2,1,1,1,540,101495426
static,2,1,2,0,540,101621453
static,2,1,2,1,540,101495426
static,2,1,3,0,540,101621453
static,2,1,3,1,540,101495426
static,2,16,1,0,544,100846977
static,2,16,1,1,536,102269902
static,2,16,2,0,544,100846977
static,2,16,2,1,536,102269902
static,2,16,3,0,544,100846977
static,2,16,3,1,536,102269902
static,2,64,1,0,568,106878593
static,2,64,1,1,512,96238286
static,2,64,2,0,568,106878593
static,2,64,2,1,512,96238286
static,2,64,3,0,568,106878593
static,2,64,3,1,512,96238286
static,2,256,1,0,568,123572194
static,2,256,1,1,512,79544685
static,2,256,2,0,568,123572194
static,2,256,2,1,512,79544685
static,2,256,3,0,568,123572194
static,2,256,3,1,512,79544685
static,4,1,1,0,270,50907249
static,4,1,1,1,270,50747713
static,4,1,1,2,270,50714204
static,4,1,1,3,270,50747713
static,4,1,2,0,270,50907249
static,4,1,2,1,270,50747713
static,4,1,2,2,270,50714204
static,4,1,2,3,270,50747713
static,4,1,3,0,270,50907249
static,4,1,3,1,270,50747713
static,4,1,3,2,270,50714204
static,4,1,3,3,270,50747713
static,4,16,1,0,272,51027542
static,4,16,1,1,272,50414919
static,4,16,1,2,272,49819435
static,4,16,1,3,264,51854983
static,4,16,2,0,272,51027542
static,4,16,2,1,272,50414919
static,4,16,2,2,272,49819435
static,4,16,2,3,264,51854983
static,4,16,3,0,272,51027542
static,4,16,3,1,272,50414919
static,4,16,3,2,272,49819435
static,4,16,3,3,264,51854983
static,4,64,1,0,312,52121675
static,4,64,1,1,256,48107316
static,4,64,1,2,256,54756918
static,4,64,1,3,256,48130970
static,4,64,2,0,312,52121675
static,4,64,2,1,256,48107316
static,4,64,2,2,256,54756918
static,4,64,2,3,256,48130970
static,4,64,3,0,312,52121675
static,4,64,3,1,256,48107316
static,4,64,3,2,256,54756918
static,4,64,3,3,256,48130970
static,4,256,1,0,312,986810
static,4,256,1,1,256,78230988
static,4,256,1,2,256,122585384
static,4,256,1,3,256,1313697
static,4,256,2,0,312,986810
static,4,256,2,1,256,78230988
static,4,256,2,2,256,122585384
static,4,256,2,3,256,1313697
static,4,256,3,0,312,986810
static,4,256,3,1,256,78230988
static,4,256,3,2,256,122585384
static,4,256,3,3,256,1313697
static,8,1,1,0,135,25287025
static,8,1,1,1,135,25362878
static,8,1,1,2,135,25357102
static,8,1,1,3,135,25384835
static,8,1,1,4,135,25620224
static,8,1,1,5,135,25384835
static,8,1,1,6,135,25357102
static,8,1,1,7,135,25362878
static,8,1,2,0,135,25287025
static,8,1,2,1,135,25362878
static,8,1,2,2,135,25357102
static,8,1,2,3,135,25384835
static,8,1,2,4,135,25620224
static,8,1,2,5,135,25384835
static,8,1,2,6,135,25357102
static,8,1,2,7,135,25362878
static,8,1,3,0,135,25287025
static,8,1,3,1,135,25362878
static,8,1,3,2,135,25357102
static,8,1,3,3,135,25384835
static,8,1,3,4,135,25620224
static,8,1,3,5,135,25384835
static,8,1,3,6,135,25357102
static,8,1,3,7,135,25362878
static,8,16,1,0,144,26741026
static,8,16,1,1,144,26987912
static,8,16,1,2,144,26924252
static,8,16,1,3,136,26225403
static,8,16,1,4,128,24286516
static,8,16,1,5,128,23427007
static,8,16,1,6,128,22895183
static,8,16,1,7,128,25629580
static,8,16,2,0,144,26741026
static,8,16,2,1,144,26987912
static,8,16,2,2,144,26924252
static,8,16,2,3,136,26225403
static,8,16,2,4,128,24286516
static,8,16,2,5,128,23427007
static,8,16,2,6,128,22895183
static,8,16,2,7,128,25629580
static,8,16,3,0,144,26741026
static,8,16,3,1,144,26987912
static,8,16,3,2,144,26924252
static,8,16,3,3,136,26225403
static,8,16,3,4,128,24286516
static,8,16,3,5,128,23427007
static,8,16,3,6,128,22895183
static,8,16,3,7,128,25629580
static,8,64,1,0,184,50525436
static,8,64,1,1,128,39445557
static,8,64,1,2,128,26636502
static,8,64,1,3,128,6964699
static,8,64,1,4,128,1596239
static,8,64,1,5,128,8661759
static,8,64,1,6,128,28120416
static,8,64,1,7,128,41166271
static,8,64,2,0,184,50525436
static,8,64,2,1,128,39445557
static,8,64,2,2,128,26636502
static,8,64,2,3,128,6964699
static,8,64,2,4,128,1596239
static,8,64,2,5,128,8661759
static,8,64,2,6,128,28120416
static,8,64,2,7,128,41166271
static,8,64,3,0,184,50525436
static,8,64,3,1,128,39445557
static,8,64,3,2,128,26636502
static,8,64,3,3,128,6964699
static,8,64,3,4,128,1596239
static,8,64,3,5,128,8661759
static,8,64,3,6,128,28120416
static,8,64,3,7,128,41166271
static,8,256,1,0,256,846756
static,8,256,1,1,256,78230988
static,8,256,1,2,256,122585384
static,8,256,1,3,256,1313697
static,8,256,1,4,56,140054
static,8,256,1,5,0,0
static,8,256,1,6,0,0
static,8,256,1,7,0,0
static,8,256,2,0,256,846756
static,8,256,2,1,256,78230988
static,8,256,2,2,256,122585384
static,8,256,2,3,256,1313697
static,8,256,2,4,56,140054
static,8,256,2,5,0,0
static,8,256,2,6,0,0
static,8,256,2,7,0,0
static,8,256,3,0,256,846756
static,8,256,3,1,256,78230988
static,8,256,3,2,256,122585384
static,8,256,3,3,256,1313697
static,8,256,3,4,56,140054
static,8,256,3,5,0,0
static,8,256,3,6,0,0
static,8,256,3,7,0,0
static,16,1,1,0,68,12644473
static,16,1,1,1,68,12726505
static,16,1,1,2,68,12754194
static,16,1,1,3,68,12803139
static,16,1,1,4,68,12807980
static,16,1,1,5,68,12803139
static,16,1,1,6,68,12754194
static,16,1,1,7,68,12726505
static,16,1,1,8,67,12642552
static,16,1,1,9,67,12636373
static,16,1,1,10,67,12602908
static,16,1,1,11,67,12581696
static,16,1,1,12,67,12812244
static,16,1,1,13,67,12581696
static,16,1,1,14,67,12602908
static,16,1,1,15,67,12636373
static,16,1,2,0,68,12644473
static,16,1,2,1,68,12726505
static,16,1,2,2,68,12754194
static,16,1,2,3,68,12803139
static,16,1,2,4,68,12807980
static,16,1,2,5,68,12803139
static,16,1,2,6,68,12754194
static,16,1,2,7,68,12726505
static,16,1,2,8,67,12642552
static,16,1,2,9,67,12636373
static,16,1,2,10,67,12602908
static,16,1,2,11,67,12581696
static,16,1,2,12,67,12812244
static,16,1,2,13,67,12581696
static,16,1,2,14,67,12602908
static,16,1,2,15,67,12636373
static,16,1,3,0,68,12644473
static,16,1,3,1,68,12726505
static,16,1,3,2,68,12754194
static,16,1,3,3,68,12803139
static,16,1,3,4,68,12807980
static,16,1,3,5,68,12803139
static,16,1,3,6,68,12754194
static,16,1,3,7,68,12726505
static,16,1,3,8,67,12642552
static,16,1,3,9,67,12636373
static,16,1,3,10,67,12602908
static,16,1,3,11,67,12581696
static,16,1,3,12,67,12812244
static,16,1,3,13,67,12581696
static,16,1,3,14,67,12602908
static,16,1,3,15,67,12636373
static,16,16,1,0,80,12819614
static,16,16,1,1,80,13456212
static,16,16,1,2,80,12979295
static,16,16,1,3,72,12866554
static,16,16,1,4,64,13284016
static,16,16,1,5,64,12412338
static,16,16,1,6,64,10015444
static,16,16,1,7,64,12395518
static,16,16,1,8,64,13921412
static,16,16,1,9,64,13531700
static,16,16,1,10,64,13944957
static,16,16,1,11,64,13358849
static,16,16,1,12,64,11002500
static,16,16,1,13,64,11014669
static,16,16,1,14,64,12879739
static,16,16,1,15,64,13234062
static,16,16,2,0,80,12819614
static,16,16,2,1,80,13456212
static,16,16,2,2,80,12979295
static,16,16,2,3,72,12866554
static,16,16,2,4,64,13284016
static,16,16,2,5,64,12412338
static,16,16,2,6,64,10015444
static,16,16,2,7,64,12395518
static,16,16,2,8,64,13921412
static,16,16,2,9,64,13531700
static,16,16,2,10,64,13944957
static,16,16,2,11,64,13358849
static,16,16,2,12,64,11002500
static,16,16,2,13,64,11014669
static,16,16,2,14,64,12879739
static,16,16,2,15,64,13234062
static,16,16,3,0,80,12819614
static,16,16,3,1,80,13456212
static,16,16,3,2,80,12979295
static,16,16,3,3,72,12866554
static,16,16,3,4,64,13284016
static,16,16,3,5,64,12412338
static,16,16,3,6,64,10015444
static,16,16,3,7,64,12395518
static,16,16,3,8,64,13921412
static,16,16,3,9,64,13531700
static,16,16,3,10,64,13944957
static,16,16,3,11,64,13358849
static,16,16,3,12,64,11002500
static,16,16,3,13,64,11014669
static,16,16,3,14,64,12879739
static,16,16,3,15,64,13234062
static,16,64,1,0,120,301624
static,16,64,1,1,64,192256
static,16,64,1,2,64,211727
static,16,64,1,3,64,281203
static,16,64,1,4,64,951092
static,16,64,1,5,64,8391451
static,16,64,1,6,64,27912016
static,16,64,1,7,64,40976429
static,16,64,1,8,64,50223812
static,16,64,1,9,64,39253301
static,16,64,1,10,64,26424775
static,16,64,1,11,64,6683496
static,16,64,1,12,64,645147
static,16,64,1,13,64,270308
static,16,64,1,14,64,208400
static,16,64,1,15,64,189842
static,16,64,2,0,120,301624
static,16,64,2,1,64,192256
static,16,64,2,2,64,211727
static,16,64,2,3,64,281203
static,16,64,2,4,64,951092
static,16,64,2,5,64,8391451
static,16,64,2,6,64,27912016
static,16,64,2,7,64,40976429
static,16,64,2,8,64,50223812
static,16,64,2,9,64,39253301
static,16,64,2,10,64,26424775
static,16,64,2,11,64,6683496
static,16,64,2,12,64,645147
static,16,64,2,13,64,270308
static,16,64,2,14,64,208400
static,16,64,2,15,64,189842
static,16,64,3,0,120,301624
static,16,64,3,1,64,192256
static,16,64,3,2,64,211727
static,16,64,3,3,64,281203
static,16,64,3,4,64,951092
static,16,64,3,5,64,8391451
static,16,64,3,6,64,27912016
static,16,64,3,7,64,40976429
static,16,64,3,8,64,50223812
static,16,64,3,9,64,39253301
static,16,64,3,10,64,26424775
static,16,64,3,11,64,6683496
static,16,64,3,12,64,645147
static,16,64,3,13,64,270308
static,16,64,3,14,64,208400
static,16,64,3,15,64,189842
static,16,256,1,0,256,846756
static,16,256,1,1,256,78230988
static,16,256,1,2,256,122585384
static,16,256,1,3,256,1313697
static,16,256,1,4,56,140054
static,16,256,1,5,0,0
static,16,256,1,6,0,0
static,16,256,1,7,0,0
static,16,256,1,8,0,0
static,16,256,1,9,0,0
static,16,256,1,10,0,0
static,16,256,1,11,0,0
static,16,256,1,12,0,0
static,16,256,1,13,0,0
static,16,256,1,14,0,0
static,16,256,1,15,0,0
static,16,256,2,0,256,846756
static,16,256,2,1,256,78230988
static,16,256,2,2,256,122585384
static,16,256,2,3,256,1313697
static,16,256,2,4,56,140054
static,16,256,2,5,0,0
static,16,256,2,6,0,0
static,16,256,2,7,0,0
static,16,256,2,8,0,0
static,16,256,2,9,0,0
static,16,256,2,10,0,0
static,16,256,2,11,0,0
static,16,256,2,12,0,0
static,16,256,2,13,0,0
static,16,256,2,14,0,0
static,16,256,2,15,0,0
static,16,256,3,0,256,846756
static,16,256,3,1,256,78230988
static,16,256,3,2,256,122585384
static,16,256,3,3,256,1313697
static,16,256,3,4,56,140054
static,16,256,3,5,0,0
static,16,256,3,6,0,0
static,16,256,3,7,0,0
static,16,256,3,8,0,0
static,16,256,3,9,0,0
static,16,256,3,10,0,0
static,16,256,3,11,0,0
static,16,256,3,12,0,0
static,16,256,3,13,0,0
static,16,256,3,14,0,0
static,16,256,3,15,0,0
dynamic,2,1,1,0,540,101388461
dynamic,2,1,1,1,540,101728418
dynamic,2,1,2,0,540,101778413
dynamic,2,1,2,1,540,101338466
dynamic,2,1,3,0,540,101612813
dynamic,2,1,3,1,540,101504066
dynamic,2,16,1,0,600,101960006
dynamic,2,16,1,1,480,101156873
dynamic,2,16,2,0,528,101351393
dynamic,2,16,2,1,552,101765486
dynamic,2,16,3,0,576,101874984
dynamic,2,16,3,1,504,101241895
dynamic,2,64,1,0,696,97231887
dynamic,2,64,1,1,384,105884992
dynamic,2,64,2,0,696,97231887
dynamic,2,64,2,1,384,105884992
dynamic,2,64,3,0,696,97231887
dynamic,2,64,3,1,384,105884992
dynamic,2,256,1,0,568,79684739
dynamic,2,256,1,1,512,123432140
dynamic,2,256,2,0,568,79684739
dynamic,2,256,2,1,512,123432140
dynamic,2,256,3,0,568,79684739
dynamic,2,256,3,1,512,123432140
dynamic,4,1,1,0,340,55864828
dynamic,4,1,1,1,348,53423814
dynamic,4,1,1,2,205,48802282
dynamic,4,1,1,3,187,45025955
dynamic,4,1,2,0,281,50881453
dynamic,4,1,2,1,263,50798893
dynamic,4,1,2,2,269,50680707
dynamic,4,1,2,3,267,50755826
dynamic,4,1,3,0,271,50838704
dynamic,4,1,3,1,273,50854364
dynamic,4,1,3,2,266,50432345
dynamic,4,1,3,3,270,50991466
dynamic,4,16,1,0,320,50704935
dynamic,4,16,1,1,304,50740293
dynamic,4,16,1,2,208,51055969
dynamic,4,16,1,3,248,50615682
dynamic,4,16,2,0,288,50707740
dynamic,4,16,2,1,296,50918444
dynamic,4,16,2,2,288,50659223
dynamic,4,16,2,3,208,50831472
dynamic,4,16,3,0,336,50902180
dynamic,4,16,3,1,296,50801336
dynamic,4,16,3,2,224,50532482
dynamic,4,16,3,3,224,50880881
dynamic,4,64,1,0,192,54548518
dynamic,4,64,1,1,256,48586275
dynamic,4,64,1,2,440,48645612
dynamic,4,64,1,3,192,51336474
dynamic,4,64,2,0,440,48645612
dynamic,4,64,2,1,192,54548518
dynamic,4,64,2,2,256,48586275
dynamic,4,64,2,3,192,51336474
dynamic,4,64,3,0,320,48401278
dynamic,4,64,3,1,376,48830609
dynamic,4,64,3,2,192,54548518
dynamic,4,64,3,3,192,51336474
dynamic,4,256,1,0,256,122585384
dynamic,4,256,1,1,256,78230988
dynamic,4,256,1,2,256,1313697
dynamic,4,256,1,3,312,986810
dynamic,4,256,2,0,256,1313697
dynamic,4,256,2,1,256,122585384
dynamic,4,256,2,2,256,78230988
dynamic,4,256,2,3,312,986810
dynamic,4,256,3,0,256,78230988
dynamic,4,256,3,1,256,122585384
dynamic,4,256,3,2,256,1313697
dynamic,4,256,3,3,312,986810
dynamic,8,1,1,0,145,27288964
dynamic,8,1,1,1,142,27044426
dynamic,8,1,1,2,111,19795728
dynamic,8,1,1,3,125,22015531
dynamic,8,1,1,4,123,27243757
dynamic,8,1,1,5,127,27171559
dynamic,8,1,1,6,131,25143475
dynamic,8,1,1,7,176,27413439
dynamic,8,1,2,0,147,27342981
dynamic,8,1,2,1,124,19894999
dynamic,8,1,2,2,144,27150186
dynamic,8,1,2,3,116,21124490
dynamic,8,1,2,4,134,27344397
dynamic,8,1,2,5,142,27111560
dynamic,8,1,2,6,142,27376657
dynamic,8,1,2,7,131,25771609
dynamic,8,1,3,0,124,20326762
dynamic,8,1,3,1,139,26913663
dynamic,8,1,3,2,133,27432025
dynamic,8,1,3,3,142,22624907
dynamic,8,1,3,4,144,27473025
dynamic,8,1,3,5,127,24718911
dynamic,8,1,3,6,137,27188735
dynamic,8,1,3,7,134,26438851
dynamic,8,16,1,0,112,27057131
dynamic,8,16,1,1,96,26746091
dynamic,8,16,1,2,264,19655571
dynamic,8,16,1,3,96,27485166
dynamic,8,16,1,4,224,25886521
dynamic,8,16,1,5,64,21329769
dynamic,8,16,1,6,112,27430750
dynamic,8,16,1,7,112,27525880
dynamic,8,16,2,0,312,27736919
dynamic,8,16,2,1,144,27560776
dynamic,8,16,2,2,112,25793977
dynamic,8,16,2,3,80,22645156
dynamic,8,16,2,4,80,22728823
dynamic,8,16,2,5,80,27467127
dynamic,8,16,2,6,160,22459952
dynamic,8,16,2,7,112,26724149
dynamic,8,16,3,0,64,21084858
dynamic,8,16,3,1,80,26023589
dynamic,8,16,3,2,96,26279998
dynamic,8,16,3,3,152,26446011
dynamic,8,16,3,4,272,25074081
dynamic,8,16,3,5,112,24008205
dynamic,8,16,3,6,192,27998198
dynamic,8,16,3,7,112,26201939
dynamic,8,64,1,0,128,39465028
dynamic,8,64,1,1,64,40976429
dynamic,8,64,1,2,128,6964699
dynamic,8,64,1,3,376,2404843
dynamic,8,64,1,4,128,26617031
dynamic,8,64,1,5,64,8391451
dynamic,8,64,1,6,64,27912016
dynamic,8,64,1,7,128,50385382
dynamic,8,64,2,0,128,41168685
dynamic,8,64,2,1,128,50435539
dynamic,8,64,2,2,128,39534504
dynamic,8,64,2,3,64,8391451
dynamic,8,64,2,4,64,27912016
dynamic,8,64,2,5,376,2404843
dynamic,8,64,2,6,64,26424775
dynamic,8,64,2,7,128,6845066
dynamic,8,64,3,0,128,26636502
dynamic,8,64,3,1,128,6964699
dynamic,8,64,3,2,376,2404843
dynamic,8,64,3,3,128,39445557
dynamic,8,64,3,4,64,8391451
dynamic,8,64,3,5,64,50223812
dynamic,8,64,3,6,64,27912016
dynamic,8,64,3,7,128,41137999
dynamic,8,256,1,0,256,78230988
dynamic,8,256,1,1,0,0
dynamic,8,256,1,2,256,122585384
dynamic,8,256,1,3,0,0
dynamic,8,256,1,4,256,1313697
dynamic,8,256,1,5,0,0
dynamic,8,256,1,6,56,140054
dynamic,8,256,1,7,256,846756
dynamic,8,256,2,0,0,0
dynamic,8,256,2,1,256,78230988
dynamic,8,256,2,2,56,140054
dynamic,8,256,2,3,256,1313697
dynamic,8,256,2,4,256,122585384
dynamic,8,256,2,5,0,0
dynamic,8,256,2,6,0,0
dynamic,8,256,2,7,256,846756
dynamic,8,256,3,0,256,122585384
dynamic,8,256,3,1,256,1313697
dynamic,8,256,3,2,56,140054
dynamic,8,256,3,3,0,0
dynamic,8,256,3,4,0,0
dynamic,8,256,3,5,256,78230988
dynamic,8,256,3,6,0,0
dynamic,8,256,3,7,256,846756
dynamic,16,1,1,0,69,13810314
dynamic,16,1,1,1,87,15450296
dynamic,16,1,1,2,72,11672514
dynamic,16,1,1,3,78,15603339
dynamic,16,1,1,4,65,10681162
dynamic,16,1,1,5,59,10617954
dynamic,16,1,1,6,80,13620863
dynamic,16,1,1,7,69,14304435
dynamic,16,1,1,8,66,11119340
dynamic,16,1,1,9,77,15945635
dynamic,16,1,1,10,49,11560441
dynamic,16,1,1,11,76,11732608
dynamic,16,1,1,12,53,11585220
dynamic,16,1,1,13,58,12693088
dynamic,16,1,1,14,55,12433500
dynamic,16,1,1,15,67,10286170
dynamic,16,1,2,0,62,13885228
dynamic,16,1,2,1,75,11384329
dynamic,16,1,2,2,71,10764366
dynamic,16,1,2,3,73,13956373
dynamic,16,1,2,4,59,12343008
dynamic,16,1,2,5,70,10949794
dynamic,16,1,2,6,71,13777189
dynamic,16,1,2,7,64,13900348
dynamic,16,1,2,8,58,10701158
dynamic,16,1,2,9,72,13114442
dynamic,16,1,2,10,57,13825375
dynamic,16,1,2,11,63,12685487
dynamic,16,1,2,12,75,14011945
dynamic,16,1,2,13,57,11783883
dynamic,16,1,2,14,87,13362538
dynamic,16,1,2,15,66,12671416
dynamic,16,1,3,0,56,13346434
dynamic,16,1,3,1,71,13456772
dynamic,16,1,3,2,69,11319214
dynamic,16,1,3,3,63,11497892
dynamic,16,1,3,4,67,10966651
dynamic,16,1,3,5,76,11735914
dynamic,16,1,3,6,62,13530316
dynamic,16,1,3,7,73,13307765
dynamic,16,1,3,8,72,13471801
dynamic,16,1,3,9,66,13589831
dynamic,16,1,3,10,61,11340089
dynamic,16,1,3,11,74,13428878
dynamic,16,1,3,12,63,13356484
dynamic,16,1,3,13,66,13268546
dynamic,16,1,3,14,67,12646413
dynamic,16,1,3,15,74,12853879
dynamic,16,16,1,0,48,10255465
dynamic,16,16,1,1,104,12557725
dynamic,16,16,1,2,64,14980268
dynamic,16,16,1,3,64,11057621
dynamic,16,16,1,4,80,11408529
dynamic,16,16,1,5,96,12669170
dynamic,16,16,1,6,48,13007690
dynamic,16,16,1,7,48,12842118
dynamic,16,16,1,8,112,12369859
dynamic,16,16,1,9,32,12705801
dynamic,16,16,1,10,32,13252586
dynamic,16,16,1,11,112,12745224
dynamic,16,16,1,12,48,13329816
dynamic,16,16,1,13,32,13129386
dynamic,16,16,1,14,96,12611473
dynamic,16,16,1,15,64,14194148
dynamic,16,16,2,0,32,13427076
dynamic,16,16,2,1,32,13256403
dynamic,16,16,2,2,80,14494995
dynamic,16,16,2,3,48,12806722
dynamic,16,16,2,4,80,11002678
dynamic,16,16,2,5,48,12754603
dynamic,16,16,2,6,112,12334557
dynamic,16,16,2,7,160,12193775
dynamic,16,16,2,8,104,12670324
dynamic,16,16,2,9,32,11202149
dynamic,16,16,2,10,128,12443009
dynamic,16,16,2,11,32,13816756
dynamic,16,16,2,12,48,12341729
dynamic,16,16,2,13,48,12361552
dynamic,16,16,2,14,48,13220888
dynamic,16,16,2,15,48,12789663
dynamic,16,16,3,0,128,12447095
dynamic,16,16,3,1,96,11102544
dynamic,16,16,3,2,64,14276484
dynamic,16,16,3,3,48,12052613
dynamic,16,16,3,4,48,12751791
dynamic,16,16,3,5,112,12581334
dynamic,16,16,3,6,32,13274353
dynamic,16,16,3,7,48,13866744
dynamic,16,16,3,8,32,11989879
dynamic,16,16,3,9,64,12427800
dynamic,16,16,3,10,32,13159330
dynamic,16,16,3,11,48,14392067
dynamic,16,16,3,12,48,12832885
dynamic,16,16,3,13,32,12799888
dynamic,16,16,3,14,128,10597714
dynamic,16,16,3,15,120,12564358
dynamic,16,64,1,0,64,951092
dynamic,16,64,1,1,64,50223812
dynamic,16,64,1,2,64,211727
dynamic,16,64,1,3,64,27912016
dynamic,16,64,1,4,120,332310
dynamic,16,64,1,5,64,189842
dynamic,16,64,1,6,64,39253301
dynamic,16,64,1,7,64,281203
dynamic,16,64,1,8,0,0
dynamic,16,64,1,9,64,645147
dynamic,16,64,1,10,64,6683496
dynamic,16,64,1,11,64,270308
dynamic,16,64,1,12,64,8391451
dynamic,16,64,1,13,64,208400
dynamic,16,64,1,14,64,40976429
dynamic,16,64,1,15,128,26586345
dynamic,16,64,2,0,56,140054
dynamic,16,64,2,1,64,208400
dynamic,16,64,2,2,128,856874
dynamic,16,64,2,3,128,26705978
dynamic,16,64,2,4,64,8391451
dynamic,16,64,2,5,64,951092
dynamic,16,64,2,6,0,0
dynamic,16,64,2,7,128,41168685
dynamic,16,64,2,8,64,50223812
dynamic,16,64,2,9,64,27912016
dynamic,16,64,2,10,64,39253301
dynamic,16,64,2,11,0,0
dynamic,16,64,2,12,64,6683496
dynamic,16,64,2,13,64,189842
dynamic,16,64,2,14,64,270308
dynamic,16,64,2,15,64,161570
dynamic,16,64,3,0,64,39253301
dynamic,16,64,3,1,248,819499
dynamic,16,64,3,2,128,856874
dynamic,16,64,3,3,0,0
dynamic,16,64,3,4,64,40976429
dynamic,16,64,3,5,64,951092
dynamic,16,64,3,6,64,8391451
dynamic,16,64,3,7,0,0
dynamic,16,64,3,8,64,27912016
dynamic,16,64,3,9,64,192256
dynamic,16,64,3,10,64,270308
dynamic,16,64,3,11,0,0
dynamic,16,64,3,12,64,26424775
dynamic,16,64,3,13,0,0
dynamic,16,64,3,14,64,6683496
dynamic,16,64,3,15,128,50385382
dynamic,16,256,1,0,56,140054
dynamic,16,256,1,1,0,0
dynamic,16,256,1,2,256,122585384
dynamic,16,256,1,3,256,1313697
dynamic,16,256,1,4,0,0
dynamic,16,256,1,5,0,0
dynamic,16,256,1,6,0,0
dynamic,16,256,1,7,0,0
dynamic,16,256,1,8,0,0
dynamic,16,256,1,9,0,0
dynamic,16,256,1,10,0,0
dynamic,16,256,1,11,0,0
dynamic,16,256,1,12,0,0
dynamic,16,256,1,13,0,0
dynamic,16,256,1,14,256,78230988
dynamic,16,256,1,15,256,846756
dynamic,16,256,2,0,0,0
dynamic,16,256,2,1,256,1313697
dynamic,16,256,2,2,0,0
dynamic,16,256,2,3,56,140054
dynamic,16,256,2,4,0,0
dynamic,16,256,2,5,0,0
dynamic,16,256,2,6,0,0
dynamic,16,256,2,7,0,0
dynamic,16,256,2,8,0,0
dynamic,16,256,2,9,256,122585384
dynamic,16,256,2,10,0,0
dynamic,16,256,2,11,0,0
dynamic,16,256,2,12,0,0
dynamic,16,256,2,13,256,78230988
dynamic,16,256,2,14,0,0
dynamic,16,256,2,15,256,846756
dynamic,16,256,3,0,256,122585384
dynamic,16,256,3,1,56,140054
dynamic,16,256,3,2,0,0
dynamic,16,256,3,3,256,1313697
dynamic,16,256,3,4,0,0
dynamic,16,256,3,5,0,0
dynamic,16,256,3,6,0,0
dynamic,16,256,3,7,0,0
dynamic,16,256,3,8,0,0
dynamic,16,256,3,9,0,0
dynamic,16,256,3,10,0,0
dynamic,16,256,3,11,0,0
dynamic,16,256,3,12,0,0
dynamic,16,256,3,13,0,0
dynamic,16,256,3,14,256,78230988
dynamic,16,256,3,15,256,846756
guided,2,1,1,0,405,101722174
guided,2,1,1,1,675,101394705
guided,2,1,2,0,270,101156033
guided,2,1,2,1,810,101960846
guided,2,1,3,0,270,101156033
guided,2,1,3,1,810,101960846
guided,2,16,1,0,270,101156033
guided,2,16,1,1,810,101960846
guided,2,16,2,0,371,101440642
guided,2,16,2,1,709,101676237
guided,2,16,3,0,287,101198440
guided,2,16,3,1,793,101918439
guided,2,64,1,0,273,101162278
guided,2,64,1,1,807,101954601
guided,2,64,2,0,341,101368588
guided,2,64,2,1,739,101748291
guided,2,64,3,0,341,101368588
guided,2,64,3,1,739,101748291
guided,2,256,1,0,284,101187173
guided,2,256,1,1,796,101929706
guided,2,256,2,0,284,101187173
guided,2,256,2,1,796,101929706
guided,2,256,3,0,284,101187173
guided,2,256,3,1,796,101929706
guided,4,1,1,0,203,50512752
guided,4,1,1,1,114,38399034
guided,4,1,1,2,152,109346892
guided,4,1,1,3,611,4858201
guided,4,1,2,0,152,109346892
guided,4,1,2,1,114,38399034
guided,4,1,2,2,203,50512752
guided,4,1,2,3,611,4858201
guided,4,1,3,0,203,50512752
guided,4,1,3,1,152,109346892
guided,4,1,3,2,114,38399034
guided,4,1,3,3,611,4858201
guided,4,16,1,0,152,109346892
guided,4,16,1,1,114,38399034
guided,4,16,1,2,203,50512752
guided,4,16,1,3,611,4858201
guided,4,16,2,0,152,109346892
guided,4,16,2,1,203,50512752
guided,4,16,2,2,114,38399034
guided,4,16,2,3,611,4858201
guided,4,16,3,0,152,109346892
guided,4,16,3,1,114,38399034
guided,4,16,3,2,203,50512752
guided,4,16,3,3,611,4858201
guided,4,64,1,0,152,109346892
guided,4,64,1,1,203,50512752
guided,4,64,1,2,114,38399034
guided,4,64,1,3,611,4858201
guided,4,64,2,0,114,38399034
guided,4,64,2,1,152,109346892
guided,4,64,2,2,203,50512752
guided,4,64,2,3,611,4858201
guided,4,64,3,0,203,50512752
guided,4,64,3,1,152,109346892
guided,4,64,3,2,114,38399034
guided,4,64,3,3,611,4858201
guided,4,256,1,0,256,88841267
guided,4,256,1,1,256,112214723
guided,4,256,1,2,256,1020450
guided,4,256,1,3,312,1040439
guided,4,256,2,0,256,112214723
guided,4,256,2,1,256,1020450
guided,4,256,2,2,256,88841267
guided,4,256,2,3,312,1040439
guided,4,256,3,0,256,112214723
guided,4,256,3,1,256,88841267
guided,4,256,3,2,256,1020450
guided,4,256,3,3,312,1040439
guided,8,1,1,0,53,19567376
guided,8,1,1,1,69,53043797
guided,8,1,1,2,441,2503492
guided,8,1,1,3,61,32622015
guided,8,1,1,4,104,4554801
guided,8,1,1,5,79,52730717
guided,8,1,1,6,91,33246295
guided,8,1,1,7,182,4848386
guided,8,1,2,0,441,2503492
guided,8,1,2,1,53,19567376
guided,8,1,2,2,79,52730717
guided,8,1,2,3,69,53043797
guided,8,1,2,4,61,32622015
guided,8,1,2,5,104,4554801
guided,8,1,2,6,91,33246295
guided,8,1,2,7,182,4848386
guided,8,1,3,0,166,4932573
guided,8,1,3,1,79,52730717
guided,8,1,3,2,322,2043268
guided,8,1,3,3,61,32622015
guided,8,1,3,4,104,4554801
guided,8,1,3,5,91,33246295
guided,8,1,3,6,69,53043797
guided,8,1,3,7,188,19943413
guided,8,16,1,0,166,4932573
guided,8,16,1,1,91,33246295
guided,8,16,1,2,104,4554801
guided,8,16,1,3,53,19567376
guided,8,16,1,4,79,52730717
guided,8,16,1,5,69,53043797
guided,8,16,1,6,61,32622015
guided,8,16,1,7,457,2419305
guided,8,16,2,0,172,20027600
guided,8,16,2,1,104,4554801
guided,8,16,2,2,79,52730717
guided,8,16,2,3,47,4472349
guided,8,16,2,4,91,33246295
guided,8,16,2,5,322,2043268
guided,8,16,2,6,61,32622015
guided,8,16,2,7,204,53419834
guided,8,16,3,0,61,32622015
guided,8,16,3,1,166,4932573
guided,8,16,3,2,53,19567376
guided,8,16,3,3,104,4554801
guided,8,16,3,4,91,33246295
guided,8,16,3,5,69,53043797
guided,8,16,3,6,79,52730717
guided,8,16,3,7,457,2419305
guided,8,64,1,0,69,53043797
guided,8,64,1,1,79,52730717
guided,8,64,1,2,64,19480868
guided,8,64,1,3,104,4554801
guided,8,64,1,4,91,33246295
guided,8,64,1,5,64,33991663
guided,8,64,1,6,410,1535244
guided,8,64,1,7,199,4533494
guided,8,64,2,0,69,53043797
guided,8,64,2,1,64,19480868
guided,8,64,2,2,64,33991663
guided,8,64,2,3,410,1535244
guided,8,64,2,4,91,33246295
guided,8,64,2,5,79,52730717
guided,8,64,2,6,104,4554801
guided,8,64,2,7,199,4533494
guided,8,64,3,0,64,33991663
guided,8,64,3,1,64,4157457
guided,8,64,3,2,91,33246295
guided,8,64,3,3,183,19941092
guided,8,64,3,4,104,4554801
guided,8,64,3,5,79,52730717
guided,8,64,3,6,69,53043797
guided,8,64,3,7,426,1451057
guided,8,256,1,0,256,78230988
guided,8,256,1,1,256,122585384
guided,8,256,1,2,0,0
guided,8,256,1,3,56,140054
guided,8,256,1,4,0,0
guided,8,256,1,5,256,1313697
guided,8,256,1,6,0,0
guided,8,256,1,7,256,846756
guided,8,256,2,0,256,122585384
guided,8,256,2,1,256,78230988
guided,8,256,2,2,0,0
guided,8,256,2,3,56,140054
guided,8,256,2,4,256,1313697
guided,8,256,2,5,0,0
guided,8,256,2,6,0,0
guided,8,256,2,7,256,846756
guided,8,256,3,0,256,78230988
guided,8,256,3,1,256,122585384
guided,8,256,3,2,256,1313697
guided,8,256,3,3,56,140054
guided,8,256,3,4,0,0
guided,8,256,3,5,0,0
guided,8,256,3,6,0,0
guided,8,256,3,7,256,846756
guided,16,1,1,0,101,22375526
guided,16,1,1,1,21,1642283
guided,16,1,1,2,46,9797031
guided,16,1,1,3,92,29111860
guided,16,1,1,4,80,12712434
guided,16,1,1,5,49,3479328
guided,16,1,1,6,31,19955444
guided,16,1,1,7,107,18902169
guided,16,1,1,8,162,641734
guided,16,1,1,9,150,812017
guided,16,1,1,10,23,2215837
guided,16,1,1,11,24,3944757
guided,16,1,1,12,29,14760453
guided,16,1,1,13,38,27584950
guided,16,1,1,14,33,24956416
guided,16,1,1,15,94,10224640
guided,16,1,2,0,87,2409415
guided,16,1,2,1,98,27784009
guided,16,1,2,2,49,3479328
guided,16,1,2,3,85,15000358
guided,16,1,2,4,28,12385488
guided,16,1,2,5,24,3944757
guided,16,1,2,6,197,1117612
guided,16,1,2,7,41,22176467
guided,16,1,2,8,46,9797031
guided,16,1,2,9,167,663085
guided,16,1,2,10,33,24956416
guided,16,1,2,11,36,28871955
guided,16,1,2,12,26,10051724
guided,16,1,2,13,31,19955444
guided,16,1,2,14,21,1642283
guided,16,1,2,15,111,18881507
guided,16,1,3,0,101,22375526
guided,16,1,3,1,88,4138335
guided,16,1,3,2,89,25196321
guided,16,1,3,3,265,1176002
guided,16,1,3,4,43,18708591
guided,16,1,3,5,49,3479328
guided,16,1,3,6,23,2215837
guided,16,1,3,7,36,28871955
guided,16,1,3,8,38,27584950
guided,16,1,3,9,99,604695
guided,16,1,3,10,21,1642283
guided,16,1,3,11,31,19955444
guided,16,1,3,12,29,14760453
guided,16,1,3,13,28,12385488
guided,16,1,3,14,26,10051724
guided,16,1,3,15,114,9969947
guided,16,16,1,0,253,998937
guided,16,16,1,1,100,29065533
guided,16,16,1,2,175,893778
guided,16,16,1,3,75,2542783
guided,16,16,1,4,31,19955444
guided,16,16,1,5,49,3479328
guided,16,16,1,6,46,9797031
guided,16,16,1,7,41,22176467
guided,16,16,1,8,43,18708591
guided,16,16,1,9,38,27584950
guided,16,16,1,10,21,1642283
guided,16,16,1,11,33,24956416
guided,16,16,1,12,26,10051724
guided,16,16,1,13,29,14760453
guided,16,16,1,14,28,12385488
guided,16,16,1,15,92,4117673
guided,16,16,2,0,23,2215837
guided,16,16,2,1,38,27584950
guided,16,16,2,2,82,10291629
guided,16,16,2,3,29,14760453
guided,16,16,2,4,21,1642283
guided,16,16,2,5,76,4271703
guided,16,16,2,6,28,12385488
guided,16,16,2,7,49,3479328
guided,16,16,2,8,43,18708591
guided,16,16,2,9,46,9797031
guided,16,16,2,10,96,29071014
guided,16,16,2,11,105,22370045
guided,16,16,2,12,33,24956416
guided,16,16,2,13,31,19955444
guided,16,16,2,14,148,628879
guided,16,16,2,15,232,997788
guided,16,16,3,0,81,1841342
guided,16,16,3,1,87,20195349
guided,16,16,3,2,217,999975
guided,16,16,3,3,43,18708591
guided,16,16,3,4,49,3479328
guided,16,16,3,5,41,22176467
guided,16,16,3,6,29,14760453
guided,16,16,3,7,38,27584950
guided,16,16,3,8,46,9797031
guided,16,16,3,9,26,10051724
guided,16,16,3,10,147,780722
guided,16,16,3,11,87,2409415
guided,16,16,3,12,28,12385488
guided,16,16,3,13,36,28871955
guided,16,16,3,14,33,24956416
guided,16,16,3,15,92,4117673
guided,16,64,1,0,64,9489238
guided,16,64,1,1,64,188404
guided,16,64,1,2,64,38197160
guided,16,64,1,3,52,129012
guided,16,64,1,4,64,28608897
guided,16,64,1,5,64,287906
guided,16,64,1,6,64,207278
guided,16,64,1,7,64,5803096
guided,16,64,1,8,64,1266603
guided,16,64,1,9,128,50358654
guided,16,64,1,10,64,263701
guided,16,64,1,11,64,551481
guided,16,64,1,12,0,0
guided,16,64,1,13,0,0
guided,16,64,1,14,128,25707132
guided,16,64,1,15,132,42058317
guided,16,64,2,0,64,28608897
guided,16,64,2,1,64,207278
guided,16,64,2,2,64,50165076
guided,16,64,2,3,128,839387
guided,16,64,2,4,64,9489238
guided,16,64,2,5,64,1266603
guided,16,64,2,6,64,193578
guided,16,64,2,7,64,263701
guided,16,64,2,8,64,25493083
guided,16,64,2,9,64,5803096
guided,16,64,2,10,0,0
guided,16,64,2,11,0,0
guided,16,64,2,12,116,317416
guided,16,64,2,13,64,214049
guided,16,64,2,14,64,38197160
guided,16,64,2,15,132,42058317
guided,16,64,3,0,128,28802475
guided,16,64,3,1,128,42099450
guided,16,64,3,2,128,38485066
guided,16,64,3,3,64,9489238
guided,16,64,3,4,64,50165076
guided,16,64,3,5,64,1266603
guided,16,64,3,6,64,5803096
guided,16,64,3,7,64,25493083
guided,16,64,3,8,0,0
guided,16,64,3,9,0,0
guided,16,64,3,10,64,551481
guided,16,64,3,11,0,0
guided,16,64,3,12,192,659383
guided,16,64,3,13,52,129012
guided,16,64,3,14,0,0
guided,16,64,3,15,68,172916
guided,16,256,1,0,256,78230988
guided,16,256,1,1,256,1313697
guided,16,256,1,2,256,122585384
guided,16,256,1,3,0,0
guided,16,256,1,4,56,140054
guided,16,256,1,5,0,0
guided,16,256,1,6,0,0
guided,16,256,1,7,0,0
guided,16,256,1,8,0,0
guided,16,256,1,9,0,0
guided,16,256,1,10,0,0
guided,16,256,1,11,0,0
guided,16,256,1,12,0,0
guided,16,256,1,13,0,0
guided,16,256,1,14,0,0
guided,16,256,1,15,256,846756
guided,16,256,2,0,256,1313697
guided,16,256,2,1,256,78230988
guided,16,256,2,2,56,140054
guided,16,256,2,3,256,122585384
guided,16,256,2,4,0,0
guided,16,256,2,5,0,0
guided,16,256,2,6,0,0
guided,16,256,2,7,0,0
guided,16,256,2,8,0,0
guided,16,256,2,9,0,0
guided,16,256,2,10,0,0
guided,16,256,2,11,0,0
guided,16,256,2,12,0,0
guided,16,256,2,13,0,0
guided,16,256,2,14,0,0
guided,16,256,2,15,256,846756
guided,16,256,3,0,256,78230988
guided,16,256,3,1,256,122585384
guided,16,256,3,2,256,1313697
guided,16,256,3,3,0,0
guided,16,256,3,4,56,140054
guided,16,256,3,5,0,0
guided,16,256,3,6,0,0
guided,16,256,3,7,0,0
guided,16,256,3,8,0,0
guided,16,256,3,9,0,0
guided,16,256,3,10,0,0
guided,16,256,3,11,0,0
guided,16,256,3,12,0,0
guided,16,256,3,13,0,0
guided,16,256,3,14,0,0
guided,16,256,3,15,256,846756
